trial,run_name,run_dir,model_name,seed,lr,weight_decay,dropout,batch_size,image_size,val_accuracy,val_macro_precision,val_macro_recall,val_macro_f1,val_brier,val_ece,best_epoch,session
27,t027_resnet34_lr2.36e-04_wd5.17e-05_do0p16_bs48_img256_s42,/home/tim/repos/ipeo-hurricane-damage-detection/training_runs/hyperparam_data_resampled_resnet34_20251212-041834/t027_resnet34_lr2.36e-04_wd5.17e-05_do0p16_bs48_img256_s42,resnet34,42,0.00023628847169415606,5.167626699141771e-05,0.15959245256466528,48,256,0.9797979797979798,0.9518931736899394,0.9518931736899394,0.9518931736899394,0.018525905181145726,0.021020063366552832,21,hyperparam_data_resampled_resnet34_20251212-041834
10,t010_resnet34_lr2.19e-04_wd4.10e-06_do0p08_bs48_img256_s42,/home/tim/repos/ipeo-hurricane-damage-detection/training_runs/hyperparam_data_resampled_resnet34_20251212-041834/t010_resnet34_lr2.19e-04_wd4.10e-06_do0p08_bs48_img256_s42,resnet34,42,0.0002187210180789719,4.100366843756214e-06,0.07839998606609738,48,256,0.9797979797979798,0.9647727272727273,0.9372375991292179,0.9504325883201153,0.01807863967214339,0.026909275247593168,21,hyperparam_data_resampled_resnet34_20251212-041834
13,t013_resnet34_lr5.03e-05_wd7.97e-06_do0p03_bs48_img288_s42,/home/tim/repos/ipeo-hurricane-damage-detection/training_runs/hyperparam_data_resampled_resnet34_20251212-041834/t013_resnet34_lr5.03e-05_wd7.97e-06_do0p03_bs48_img288_s42,resnet34,42,5.0300207592932424e-05,7.97113379480729e-06,0.0321620063880836,48,288,0.9777777777777777,0.9389294494524324,0.9580741719794744,0.9482163406214039,0.022554236349243962,0.023346874930641876,22,hyperparam_data_resampled_resnet34_20251212-041834
7,t007_resnet34_lr8.70e-05_wd6.30e-06_do0p04_bs48_img256_s42,/home/tim/repos/ipeo-hurricane-damage-detection/training_runs/hyperparam_data_resampled_resnet34_20251212-041834/t007_resnet34_lr8.70e-05_wd6.30e-06_do0p04_bs48_img256_s42,resnet34,42,8.696872972403497e-05,6.2990275843242225e-06,0.04155470163398542,48,256,0.9777777777777777,0.9500315631657856,0.943418597418753,0.9466913384439157,0.02156080787403211,0.015934241420090815,22,hyperparam_data_resampled_resnet34_20251212-041834
14,t014_resnet34_lr7.06e-05_wd1.14e-06_do0p04_bs32_img288_s42,/home/tim/repos/ipeo-hurricane-damage-detection/training_runs/hyperparam_data_resampled_resnet34_20251212-041834/t014_resnet34_lr7.06e-05_wd1.14e-06_do0p04_bs32_img288_s42,resnet34,42,7.057344615003131e-05,1.1372348895452503e-06,0.03614142600272194,32,288,0.9737373737373738,0.9402667087508878,0.9337972321567407,0.9369988545246277,0.02393474506205992,0.015598362262802845,17,hyperparam_data_resampled_resnet34_20251212-041834
18,t018_resnet34_lr5.94e-05_wd1.12e-05_do0p02_bs48_img288_s42,/home/tim/repos/ipeo-hurricane-damage-detection/training_runs/hyperparam_data_resampled_resnet34_20251212-041834/t018_resnet34_lr5.94e-05_wd1.12e-05_do0p02_bs48_img288_s42,resnet34,42,5.943571739957642e-05,1.124651995442175e-05,0.015384363766425043,48,288,0.9717171717171718,0.9275137871118833,0.9399782304462758,0.9336206896551724,0.025154819175465706,0.02471461512825708,6,hyperparam_data_resampled_resnet34_20251212-041834
15,t015_resnet34_lr1.20e-04_wd1.37e-05_do0p21_bs48_img288_s42,/home/tim/repos/ipeo-hurricane-damage-detection/training_runs/hyperparam_data_resampled_resnet34_20251212-041834/t015_resnet34_lr1.20e-04_wd1.37e-05_do0p21_bs48_img288_s42,resnet34,42,0.00012044390417027112,1.3712580168150541e-05,0.20744286121240077,48,288,0.9696969696969697,0.912004662004662,0.9534870160161717,0.9313294797687861,0.026102442491523124,0.01565241464460742,12,hyperparam_data_resampled_resnet34_20251212-041834
20,t020_resnet34_lr1.05e-03_wd1.14e-05_do0p12_bs48_img256_s42,/home/tim/repos/ipeo-hurricane-damage-detection/training_runs/hyperparam_data_resampled_resnet34_20251212-041834/t020_resnet34_lr1.05e-03_wd1.14e-05_do0p12_bs48_img256_s42,resnet34,42,0.0010451881291634669,1.1389635987917189e-05,0.1179868662286212,48,256,0.9696969696969697,0.912004662004662,0.9534870160161717,0.9313294797687861,0.027884339243583522,0.03804587872341429,19,hyperparam_data_resampled_resnet34_20251212-041834
23,t023_resnet34_lr6.88e-05_wd1.22e-06_do0p02_bs40_img256_s42,/home/tim/repos/ipeo-hurricane-damage-detection/training_runs/hyperparam_data_resampled_resnet34_20251212-041834/t023_resnet34_lr6.88e-05_wd1.22e-06_do0p02_bs40_img256_s42,resnet34,42,6.881588916561947e-05,1.2156492940637686e-06,0.021270582842558082,40,256,0.9676767676767677,0.9136904761904763,0.9376846524646245,0.9252096396464455,0.027124064469086776,0.038039069585125894,1,hyperparam_data_resampled_resnet34_20251212-041834
12,t012_resnet34_lr6.74e-04_wd8.63e-06_do0p04_bs24_img256_s42,/home/tim/repos/ipeo-hurricane-damage-detection/training_runs/hyperparam_data_resampled_resnet34_20251212-041834/t012_resnet34_lr6.74e-04_wd8.63e-06_do0p04_bs24_img256_s42,resnet34,42,0.0006744347815475933,8.628123401474328e-06,0.04169623347984496,24,256,0.9676767676767677,0.9283225186253304,0.9157012906235422,0.9218811646808174,0.024938525243143793,0.01474778929142042,20,hyperparam_data_resampled_resnet34_20251212-041834
21,t021_resnet34_lr1.77e-04_wd8.98e-06_do0p03_bs48_img224_s42,/home/tim/repos/ipeo-hurricane-damage-detection/training_runs/hyperparam_data_resampled_resnet34_20251212-041834/t021_resnet34_lr1.77e-04_wd8.98e-06_do0p03_bs48_img224_s42,resnet34,42,0.0001767546255082193,8.980231374117511e-06,0.0296420566141831,48,224,0.9676767676767677,0.9340909090909091,0.9083735033431815,0.9206921413121846,0.02716682883486634,0.017419820482080597,6,hyperparam_data_resampled_resnet34_20251212-041834
17,t017_resnet34_lr8.27e-05_wd5.97e-06_do0p11_bs24_img224_s42,/home/tim/repos/ipeo-hurricane-damage-detection/training_runs/hyperparam_data_resampled_resnet34_20251212-041834/t017_resnet34_lr8.27e-05_wd5.97e-06_do0p11_bs24_img224_s42,resnet34,42,8.268039001312062e-05,5.972219244663401e-06,0.10854424724489735,24,224,0.9656565656565657,0.9112716978320793,0.9292100761934381,0.9199707082330788,0.02802474673064151,0.017761617838734336,7,hyperparam_data_resampled_resnet34_20251212-041834
2,t002_resnet34_lr4.19e-04_wd1.28e-04_do0p04_bs40_img256_s42,/home/tim/repos/ipeo-hurricane-damage-detection/training_runs/hyperparam_data_resampled_resnet34_20251212-041834/t002_resnet34_lr4.19e-04_wd1.28e-04_do0p04_bs40_img256_s42,resnet34,42,0.00041872484342184065,0.00012782765866475087,0.041396049054126624,40,256,0.9676767676767677,0.9472708002119767,0.8937179287824599,0.9181818181818182,0.02701033565391549,0.021177167483050367,1,hyperparam_data_resampled_resnet34_20251212-041834
9,t009_resnet34_lr5.11e-05_wd6.75e-05_do0p09_bs32_img288_s42,/home/tim/repos/ipeo-hurricane-damage-detection/training_runs/hyperparam_data_resampled_resnet34_20251212-041834/t009_resnet34_lr5.11e-05_wd6.75e-05_do0p09_bs32_img288_s42,resnet34,42,5.109294741890629e-05,6.751596840195583e-05,0.09450279061725769,32,288,0.9656565656565657,0.920736999921092,0.9145545016327166,0.9176138866860516,0.028621349299214265,0.023912047617363243,13,hyperparam_data_resampled_resnet34_20251212-041834
26,t026_resnet34_lr2.23e-04_wd1.03e-05_do0p06_bs40_img288_s42,/home/tim/repos/ipeo-hurricane-damage-detection/training_runs/hyperparam_data_resampled_resnet34_20251212-041834/t026_resnet34_lr2.23e-04_wd1.03e-05_do0p06_bs40_img288_s42,resnet34,42,0.00022256029334595092,1.0252070801145657e-05,0.06479795400240018,40,288,0.9636363636363636,0.9045965608465608,0.9280632872026123,0.9158608446022513,0.030146840070744658,0.028290237922861138,1,hyperparam_data_resampled_resnet34_20251212-041834
5,t005_resnet34_lr1.05e-04_wd5.79e-05_do0p09_bs56_img288_s42,/home/tim/repos/ipeo-hurricane-damage-detection/training_runs/hyperparam_data_resampled_resnet34_20251212-041834/t005_resnet34_lr1.05e-04_wd5.79e-05_do0p09_bs56_img288_s42,resnet34,42,0.00010509669045577213,5.790549520265949e-05,0.08865206088892373,56,288,0.9616161616161616,0.8912040225926436,0.9415720727725081,0.9141887391538399,0.030049723014476597,0.01746124679392037,18,hyperparam_data_resampled_resnet34_20251212-041834
3,t003_resnet34_lr6.85e-04_wd1.12e-06_do0p22_bs40_img256_s42,/home/tim/repos/ipeo-hurricane-damage-detection/training_runs/hyperparam_data_resampled_resnet34_20251212-041834/t003_resnet34_lr6.85e-04_wd1.12e-06_do0p22_bs40_img256_s42,resnet34,42,0.0006852324196424511,1.1238623122384502e-06,0.21617242397655695,40,256,0.9676767676767677,0.9722222222222222,0.8717345669413776,0.9140475777044625,0.030745797714817953,0.011392035147156367,6,hyperparam_data_resampled_resnet34_20251212-041834
16,t016_resnet34_lr4.63e-04_wd1.09e-06_do0p03_bs48_img288_s42,/home/tim/repos/ipeo-hurricane-damage-detection/training_runs/hyperparam_data_resampled_resnet34_20251212-041834/t016_resnet34_lr4.63e-04_wd1.09e-06_do0p03_bs48_img288_s42,resnet34,42,0.0004629513987954377,1.08545608990079e-06,0.025754687834956408,48,288,0.9616161616161616,0.8981293503480279,0.9269164982117867,0.9118069035361633,0.03077056846919771,0.011434463539508844,7,hyperparam_data_resampled_resnet34_20251212-041834
19,t019_resnet34_lr2.55e-03_wd1.55e-06_do0p01_bs48_img256_s42,/home/tim/repos/ipeo-hurricane-damage-detection/training_runs/hyperparam_data_resampled_resnet34_20251212-041834/t019_resnet34_lr2.55e-03_wd1.55e-06_do0p01_bs48_img256_s42,resnet34,42,0.0025540006376135157,1.5463178073056265e-06,0.009342801094240988,48,256,0.9616161616161616,0.8981293503480279,0.9269164982117867,0.9118069035361633,0.031495283456082365,0.02931100166205201,19,hyperparam_data_resampled_resnet34_20251212-041834
4,t004_resnet34_lr1.08e-03_wd6.46e-05_do0p07_bs48_img224_s42,/home/tim/repos/ipeo-hurricane-damage-detection/training_runs/hyperparam_data_resampled_resnet34_20251212-041834/t004_resnet34_lr1.08e-03_wd6.46e-05_do0p07_bs48_img224_s42,resnet34,42,0.0010777137782723761,6.457010518456695e-05,0.0736338963758443,48,224,0.9595959595959596,0.8918604651162791,0.9257697092209609,0.9078074945988229,0.029949544558442877,0.02186812788549095,13,hyperparam_data_resampled_resnet34_20251212-041834
22,t022_resnet34_lr1.17e-04_wd5.97e-06_do0p04_bs56_img256_s42,/home/tim/repos/ipeo-hurricane-damage-detection/training_runs/hyperparam_data_resampled_resnet34_20251212-041834/t022_resnet34_lr1.17e-04_wd5.97e-06_do0p04_bs56_img256_s42,resnet34,42,0.00011662677991844778,5.974745918204632e-06,0.04369065758639233,56,256,0.9595959595959596,0.8918604651162791,0.9257697092209609,0.9078074945988229,0.03279971079096037,0.021035542150940518,4,hyperparam_data_resampled_resnet34_20251212-041834
0,t000_resnet34_lr6.26e-04_wd8.52e-05_do0p21_bs56_img224_s42,/home/tim/repos/ipeo-hurricane-damage-detection/training_runs/hyperparam_data_resampled_resnet34_20251212-041834/t000_resnet34_lr6.26e-04_wd8.52e-05_do0p21_bs56_img224_s42,resnet34,42,0.0006260326907499736,8.516764670113521e-05,0.21096718162507536,56,224,0.9616161616161616,0.9415548098434005,0.8682941999689007,0.9004561763740857,0.032913052185888206,0.014094030134605681,1,hyperparam_data_resampled_resnet34_20251212-041834
1,t001_resnet34_lr5.71e-04_wd3.41e-05_do0p32_bs48_img256_s42,/home/tim/repos/ipeo-hurricane-damage-detection/training_runs/hyperparam_data_resampled_resnet34_20251212-041834/t001_resnet34_lr5.71e-04_wd3.41e-05_do0p32_bs48_img256_s42,resnet34,42,0.0005711627077804185,3.412991695226884e-05,0.3239588234024313,48,256,0.9515151515151515,0.8773148148148149,0.899199191416576,0.8878144594696684,0.03811437785021313,0.036552768885487266,1,hyperparam_data_resampled_resnet34_20251212-041834
8,t008_resnet34_lr7.09e-04_wd3.22e-04_do0p11_bs40_img288_s42,/home/tim/repos/ipeo-hurricane-damage-detection/training_runs/hyperparam_data_resampled_resnet34_20251212-041834/t008_resnet34_lr7.09e-04_wd3.22e-04_do0p11_bs40_img288_s42,resnet34,42,0.0007093539565736621,0.0003222126319527257,0.11149913335796327,40,288,0.9555555555555556,0.9535833243794993,0.8282148965946199,0.8776404494382022,0.03719773050849871,0.017825466454631192,6,hyperparam_data_resampled_resnet34_20251212-041834
25,t025_resnet34_lr1.02e-04_wd7.76e-06_do0p01_bs48_img256_s42,/home/tim/repos/ipeo-hurricane-damage-detection/training_runs/hyperparam_data_resampled_resnet34_20251212-041834/t025_resnet34_lr1.02e-04_wd7.76e-06_do0p01_bs48_img256_s42,resnet34,42,0.00010204706495852724,7.759088105351707e-06,0.010532601305022964,48,256,0.9434343434343434,0.8478705446990846,0.9165953972943555,0.8776223776223776,0.042608345976229874,0.021129839829724283,0,hyperparam_data_resampled_resnet34_20251212-041834
11,t011_resnet34_lr1.44e-04_wd3.70e-06_do0p09_bs48_img256_s42,/home/tim/repos/ipeo-hurricane-damage-detection/training_runs/hyperparam_data_resampled_resnet34_20251212-041834/t011_resnet34_lr1.44e-04_wd3.70e-06_do0p09_bs48_img256_s42,resnet34,42,0.00014406754356396438,3.6979494936610504e-06,0.09226018649070697,48,256,0.9414141414141414,0.8415243059917096,0.9227763955838906,0.8756335282651072,0.05059767890398321,0.028225559056407296,0,hyperparam_data_resampled_resnet34_20251212-041834
6,t006_resnet34_lr2.19e-03_wd1.83e-06_do0p29_bs48_img224_s42,/home/tim/repos/ipeo-hurricane-damage-detection/training_runs/hyperparam_data_resampled_resnet34_20251212-041834/t006_resnet34_lr2.19e-03_wd1.83e-06_do0p29_bs48_img224_s42,resnet34,42,0.002192585128042562,1.8284093384584292e-06,0.29328071762458136,48,224,0.9414141414141414,0.844710401891253,0.908120821023169,0.8724328839676883,0.048626675444402793,0.01724087060099896,12,hyperparam_data_resampled_resnet34_20251212-041834
24,t024_resnet34_lr4.75e-03_wd4.43e-04_do0p19_bs24_img288_s42,/home/tim/repos/ipeo-hurricane-damage-detection/training_runs/hyperparam_data_resampled_resnet34_20251212-041834/t024_resnet34_lr4.75e-03_wd4.43e-04_do0p19_bs24_img288_s42,resnet34,42,0.004745128973896395,0.00044257722845787245,0.19033383401260515,24,288,0.9373737373737374,0.8325493451392731,0.9204828176022392,0.868690153259,0.05928945168674015,0.029920984036994742,7,hyperparam_data_resampled_resnet34_20251212-041834
